{"v":"4.8.0","meta":{"g":"LottieFiles AE ","a":"","k":"","d":"","tc":""},"fr":25,"ip":0,"op":50,"w":500,"h":500,"nm":"25 - Handshake","ddd":0,"assets":[],"layers":[{"ddd":0,"ind":1,"ty":3,"nm":"Main Stroke width ","parent":12,"sr":1,"ks":{"o":{"a":0,"k":0,"ix":11},"r":{"a":0,"k":0,"ix":10},"p":{"a":0,"k":[0,0,0],"ix":2},"a":{"a":0,"k":[50,50,0],"ix":1},"s":{"a":0,"k":[100,100,100],"ix":6}},"ao":0,"ef":[{"ty":5,"nm":"Stroke width","np":3,"mn":"ADBE Slider Control","ix":1,"en":1,"ef":[{"ty":0,"nm":"Slider","mn":"ADBE Slider Control-0001","ix":1,"v":{"a":0,"k":16,"ix":1}}]}],"ip":0,"op":50,"st":0,"bm":0},{"ddd":0,"ind":2,"ty":4,"nm":"Finger 1","parent":9,"sr":1,"ks":{"o":{"a":0,"k":100,"ix":11},"r":{"a":0,"k":0,"ix":10},"p":{"a":1,"k":[{"i":{"x":0.6,"y":1},"o":{"x":0.4,"y":0},"t":7.118,"s":[-20.54,122.822,0],"to":[3.207,-3.204,0],"ti":[0,0,0]},{"i":{"x":0.6,"y":1},"o":{"x":0.4,"y":0},"t":16.888,"s":[-1.295,103.596,0],"to":[0,0,0],"ti":[3.207,-3.204,0]},{"t":26.65625,"s":[-20.54,122.822,0]}],"ix":2},"a":{"a":0,"k":[-20.54,122.822,0],"ix":1},"s":{"a":0,"k":[100,100,100],"ix":6}},"ao":0,"shapes":[{"ty":"gr","it":[{"ind":0,"ty":"sh","ix":1,"ks":{"a":0,"k":{"i":[[0,0],[-10.07,-10.07],[0,0],[10.07,-10.069],[0,0],[10.075,10.076],[0,0],[-10.07,10.069]],"o":[[10.07,-10.069],[0,0],[10.07,10.07],[0,0],[-10.062,10.064],[0,0],[-10.07,-10.069],[0,0]],"v":[[-19.305,84.971],[17.312,84.971],[17.312,84.971],[17.312,121.588],[-21.775,160.673],[-58.391,160.673],[-58.391,160.673],[-58.391,124.057]],"c":true},"ix":2},"nm":"Path 1","mn":"ADBE Vector Shape - Group","hd":false},{"ty":"st","c":{"a":0,"k":[1,1,1,1],"ix":3},"o":{"a":0,"k":100,"ix":4},"w":{"a":0,"k":16,"ix":5,"x":"var $bm_rt;\n$bm_rt = thisComp.layer('Main Stroke width ').effect('Stroke width')('Slider');"},"lc":2,"lj":2,"bm":0,"nm":"Stroke 1","mn":"ADBE Vector Graphic - Stroke","hd":false},{"ty":"tr","p":{"a":0,"k":[0,0],"ix":2},"a":{"a":0,"k":[0,0],"ix":1},"s":{"a":0,"k":[100,100],"ix":3},"r":{"a":0,"k":0,"ix":6},"o":{"a":0,"k":100,"ix":7},"sk":{"a":0,"k":0,"ix":4},"sa":{"a":0,"k":0,"ix":5},"nm":"Transform"}],"nm":"Group 1","np":2,"cix":2,"bm":0,"ix":1,"mn":"ADBE Vector Group","hd":false}],"ip":0,"op":50,"st":0,"bm":0},{"ddd":0,"ind":3,"ty":4,"nm":"Finger 2","parent":9,"sr":1,"ks":{"o":{"a":0,"k":100,"ix":11},"r":{"a":0,"k":0,"ix":10},"p":{"a":1,"k":[{"i":{"x":0.6,"y":1},"o":{"x":0.4,"y":0},"t":8.431,"s":[-58.191,87.24,0],"to":[3.207,-3.204,0],"ti":[0,0,0]},{"i":{"x":0.6,"y":1},"o":{"x":0.4,"y":0},"t":18.2,"s":[-38.946,68.014,0],"to":[0,0,0],"ti":[3.207,-3.204,0]},{"t":27.9697265625,"s":[-58.191,87.24,0]}],"ix":2},"a":{"a":0,"k":[-58.191,87.24,0],"ix":1},"s":{"a":0,"k":[100,100,100],"ix":6}},"ao":0,"shapes":[{"ty":"gr","it":[{"ind":0,"ty":"sh","ix":1,"ks":{"a":0,"k":{"i":[[0,0],[-10.069,-10.07],[0,0],[10.07,-10.069],[0,0],[10.07,10.07],[0,0],[-10.07,10.069]],"o":[[10.071,-10.069],[0,0],[10.07,10.07],[0,0],[-10.069,10.069],[0,0],[-10.07,-10.07],[0,0]],"v":[[-55.923,48.355],[-19.305,48.355],[-19.305,48.355],[-19.305,84.971],[-60.46,126.126],[-97.076,126.126],[-97.076,126.126],[-97.076,89.509]],"c":true},"ix":2},"nm":"Path 1","mn":"ADBE Vector Shape - Group","hd":false},{"ty":"st","c":{"a":0,"k":[1,1,1,1],"ix":3},"o":{"a":0,"k":100,"ix":4},"w":{"a":0,"k":16,"ix":5,"x":"var $bm_rt;\n$bm_rt = thisComp.layer('Main Stroke width ').effect('Stroke width')('Slider');"},"lc":2,"lj":2,"bm":0,"nm":"Stroke 1","mn":"ADBE Vector Graphic - Stroke","hd":false},{"ty":"tr","p":{"a":0,"k":[0,0],"ix":2},"a":{"a":0,"k":[0,0],"ix":1},"s":{"a":0,"k":[100,100],"ix":3},"r":{"a":0,"k":0,"ix":6},"o":{"a":0,"k":100,"ix":7},"sk":{"a":0,"k":0,"ix":4},"sa":{"a":0,"k":0,"ix":5},"nm":"Transform"}],"nm":"Group 1","np":2,"cix":2,"bm":0,"ix":1,"mn":"ADBE Vector Group","hd":false}],"ip":0,"op":50,"st":0,"bm":0},{"ddd":0,"ind":4,"ty":4,"nm":"Finger 3","parent":9,"sr":1,"ks":{"o":{"a":0,"k":100,"ix":11},"r":{"a":0,"k":0,"ix":10},"p":{"a":1,"k":[{"i":{"x":0.6,"y":1},"o":{"x":0.4,"y":0},"t":9.744,"s":[-95.093,50.91,0],"to":[3.207,-3.204,0],"ti":[0,0,0]},{"i":{"x":0.6,"y":1},"o":{"x":0.4,"y":0},"t":19.513,"s":[-75.849,31.684,0],"to":[0,0,0],"ti":[3.207,-3.204,0]},{"t":29.28125,"s":[-95.093,50.91,0]}],"ix":2},"a":{"a":0,"k":[-95.093,50.91,0],"ix":1},"s":{"a":0,"k":[100,100,100],"ix":6}},"ao":0,"shapes":[{"ty":"gr","it":[{"ind":0,"ty":"sh","ix":1,"ks":{"a":0,"k":{"i":[[0,0],[-10.069,-10.069],[0,0],[10.071,-10.069],[0,0],[10.069,10.07],[0,0],[-10.07,10.069]],"o":[[10.068,-10.069],[0,0],[10.071,10.07],[0,0],[-10.069,10.07],[0,0],[-10.071,-10.069],[0,0]],"v":[[-92.538,11.738],[-55.923,11.738],[-55.923,11.738],[-55.923,48.355],[-97.649,90.081],[-134.264,90.081],[-134.264,90.081],[-134.265,53.465]],"c":true},"ix":2},"nm":"Path 1","mn":"ADBE Vector Shape - Group","hd":false},{"ty":"st","c":{"a":0,"k":[1,1,1,1],"ix":3},"o":{"a":0,"k":100,"ix":4},"w":{"a":0,"k":16,"ix":5,"x":"var $bm_rt;\n$bm_rt = thisComp.layer('Main Stroke width ').effect('Stroke width')('Slider');"},"lc":2,"lj":2,"bm":0,"nm":"Stroke 1","mn":"ADBE Vector Graphic - Stroke","hd":false},{"ty":"tr","p":{"a":0,"k":[0,0],"ix":2},"a":{"a":0,"k":[0,0],"ix":1},"s":{"a":0,"k":[100,100],"ix":3},"r":{"a":0,"k":0,"ix":6},"o":{"a":0,"k":100,"ix":7},"sk":{"a":0,"k":0,"ix":4},"sa":{"a":0,"k":0,"ix":5},"nm":"Transform"}],"nm":"Group 1","np":2,"cix":2,"bm":0,"ix":1,"mn":"ADBE Vector Group","hd":false}],"ip":0,"op":50,"st":0,"bm":0},{"ddd":0,"ind":5,"ty":4,"nm":"Finger 4","parent":9,"sr":1,"ks":{"o":{"a":0,"k":100,"ix":11},"r":{"a":0,"k":0,"ix":10},"p":{"a":1,"k":[{"i":{"x":0.6,"y":1},"o":{"x":0.4,"y":0},"t":11.057,"s":[-131.71,14.293,0],"to":[3.207,-3.204,0],"ti":[0,0,0]},{"i":{"x":0.6,"y":1},"o":{"x":0.4,"y":0},"t":20.826,"s":[-112.465,-4.933,0],"to":[0,0,0],"ti":[3.207,-3.204,0]},{"t":30.5947265625,"s":[-131.71,14.293,0]}],"ix":2},"a":{"a":0,"k":[-131.71,14.293,0],"ix":1},"s":{"a":0,"k":[100,100,100],"ix":6}},"ao":0,"shapes":[{"ty":"gr","it":[{"ind":0,"ty":"sh","ix":1,"ks":{"a":0,"k":{"i":[[0,0],[-10.07,-10.07],[0,0],[10.068,-10.069],[0,0],[10.07,10.07],[0,0],[-10.07,10.069]],"o":[[10.07,-10.069],[0,0],[10.069,10.07],[0,0],[-10.07,10.069],[0,0],[-10.07,-10.07],[0,0]],"v":[[-129.155,-24.879],[-92.538,-24.879],[-92.538,-24.879],[-92.538,11.738],[-134.265,53.465],[-170.882,53.464],[-170.882,53.464],[-170.882,16.848]],"c":true},"ix":2},"nm":"Path 1","mn":"ADBE Vector Shape - Group","hd":false},{"ty":"st","c":{"a":0,"k":[1,1,1,1],"ix":3},"o":{"a":0,"k":100,"ix":4},"w":{"a":0,"k":16,"ix":5,"x":"var $bm_rt;\n$bm_rt = thisComp.layer('Main Stroke width ').effect('Stroke width')('Slider');"},"lc":2,"lj":2,"bm":0,"nm":"Stroke 1","mn":"ADBE Vector Graphic - Stroke","hd":false},{"ty":"tr","p":{"a":0,"k":[0,0],"ix":2},"a":{"a":0,"k":[0,0],"ix":1},"s":{"a":0,"k":[100,100],"ix":3},"r":{"a":0,"k":0,"ix":6},"o":{"a":0,"k":100,"ix":7},"sk":{"a":0,"k":0,"ix":4},"sa":{"a":0,"k":0,"ix":5},"nm":"Transform"}],"nm":"Group 1","np":2,"cix":2,"bm":0,"ix":1,"mn":"ADBE Vector Group","hd":false}],"ip":0,"op":50,"st":0,"bm":0},{"ddd":0,"ind":6,"ty":4,"nm":"Bracelet 2","parent":9,"sr":1,"ks":{"o":{"a":0,"k":100,"ix":11},"r":{"a":0,"k":0,"ix":10},"p":{"a":0,"k":[195,-84,0],"ix":2},"a":{"a":0,"k":[-194,-82,0],"ix":1},"s":{"a":0,"k":[100,100,100],"ix":6}},"ao":0,"shapes":[{"ty":"gr","it":[{"ind":0,"ty":"sh","ix":1,"ks":{"a":0,"k":{"i":[[0,0],[0,0]],"o":[[0,0],[0,0]],"v":[[-194,-177],[-194,13]],"c":false},"ix":2},"nm":"Path 1","mn":"ADBE Vector Shape - Group","hd":false},{"ty":"st","c":{"a":0,"k":[1,0.7529411764705882,0,1],"ix":3},"o":{"a":0,"k":100,"ix":4},"w":{"a":0,"k":16,"ix":5,"x":"var $bm_rt;\n$bm_rt = thisComp.layer('Main Stroke width ').effect('Stroke width')('Slider');"},"lc":2,"lj":1,"ml":4,"bm":0,"nm":"Stroke 1","mn":"ADBE Vector Graphic - Stroke","hd":false},{"ty":"fl","c":{"a":0,"k":[1,0,0,1],"ix":4},"o":{"a":0,"k":100,"ix":5},"r":1,"bm":0,"nm":"Fill 1","mn":"ADBE Vector Graphic - Fill","hd":false},{"ty":"tr","p":{"a":0,"k":[0,0],"ix":2},"a":{"a":0,"k":[0,0],"ix":1},"s":{"a":0,"k":[100,100],"ix":3},"r":{"a":0,"k":0,"ix":6},"o":{"a":0,"k":100,"ix":7},"sk":{"a":0,"k":0,"ix":4},"sa":{"a":0,"k":0,"ix":5},"nm":"Transform"}],"nm":"Shape 1","np":3,"cix":2,"bm":0,"ix":1,"mn":"ADBE Vector Group","hd":false}],"ip":0,"op":50,"st":0,"bm":0},{"ddd":0,"ind":7,"ty":4,"nm":"Bracelet","parent":9,"sr":1,"ks":{"o":{"a":0,"k":100,"ix":11},"r":{"a":0,"k":0,"ix":10},"p":{"a":0,"k":[-195,-84,0],"ix":2},"a":{"a":0,"k":[-194,-82,0],"ix":1},"s":{"a":0,"k":[100,100,100],"ix":6}},"ao":0,"shapes":[{"ty":"gr","it":[{"ind":0,"ty":"sh","ix":1,"ks":{"a":0,"k":{"i":[[0,0],[0,0]],"o":[[0,0],[0,0]],"v":[[-194,-177],[-194,13]],"c":false},"ix":2},"nm":"Path 1","mn":"ADBE Vector Shape - Group","hd":false},{"ty":"st","c":{"a":0,"k":[1,0.7529411764705882,0,1],"ix":3},"o":{"a":0,"k":100,"ix":4},"w":{"a":0,"k":16,"ix":5,"x":"var $bm_rt;\n$bm_rt = thisComp.layer('Main Stroke width ').effect('Stroke width')('Slider');"},"lc":2,"lj":1,"ml":4,"bm":0,"nm":"Stroke 1","mn":"ADBE Vector Graphic - Stroke","hd":false},{"ty":"fl","c":{"a":0,"k":[1,0,0,1],"ix":4},"o":{"a":0,"k":100,"ix":5},"r":1,"bm":0,"nm":"Fill 1","mn":"ADBE Vector Graphic - Fill","hd":false},{"ty":"tr","p":{"a":0,"k":[0,0],"ix":2},"a":{"a":0,"k":[0,0],"ix":1},"s":{"a":0,"k":[100,100],"ix":3},"r":{"a":0,"k":0,"ix":6},"o":{"a":0,"k":100,"ix":7},"sk":{"a":0,"k":0,"ix":4},"sa":{"a":0,"k":0,"ix":5},"nm":"Transform"}],"nm":"Shape 1","np":3,"cix":2,"bm":0,"ix":1,"mn":"ADBE Vector Group","hd":false}],"ip":0,"op":50,"st":0,"bm":0},{"ddd":0,"ind":8,"ty":4,"nm":"Bracelet 4","parent":9,"td":1,"sr":1,"ks":{"o":{"a":0,"k":100,"ix":11},"r":{"a":0,"k":0,"ix":10},"p":{"a":0,"k":[195,-84,0],"ix":2},"a":{"a":0,"k":[-194,-82,0],"ix":1},"s":{"a":0,"k":[100,100,100],"ix":6}},"ao":0,"shapes":[{"ty":"gr","it":[{"ind":0,"ty":"sh","ix":1,"ks":{"a":0,"k":{"i":[[0,0],[0,0],[0,0],[0,0]],"o":[[0,0],[0,0],[0,0],[0,0]],"v":[[-144,-177],[-194,-177],[-194,13],[-144,15]],"c":true},"ix":2},"nm":"Path 1","mn":"ADBE Vector Shape - Group","hd":false},{"ty":"st","c":{"a":0,"k":[1,0.7529411764705882,0,1],"ix":3},"o":{"a":0,"k":100,"ix":4},"w":{"a":0,"k":16,"ix":5,"x":"var $bm_rt;\n$bm_rt = thisComp.layer('Main Stroke width ').effect('Stroke width')('Slider');"},"lc":2,"lj":1,"ml":4,"bm":0,"nm":"Stroke 1","mn":"ADBE Vector Graphic - Stroke","hd":false},{"ty":"fl","c":{"a":0,"k":[1,0,0,1],"ix":4},"o":{"a":0,"k":100,"ix":5},"r":1,"bm":0,"nm":"Fill 1","mn":"ADBE Vector Graphic - Fill","hd":false},{"ty":"tr","p":{"a":0,"k":[0,0],"ix":2},"a":{"a":0,"k":[0,0],"ix":1},"s":{"a":0,"k":[100,100],"ix":3},"r":{"a":0,"k":0,"ix":6},"o":{"a":0,"k":100,"ix":7},"sk":{"a":0,"k":0,"ix":4},"sa":{"a":0,"k":0,"ix":5},"nm":"Transform"}],"nm":"Shape 1","np":3,"cix":2,"bm":0,"ix":1,"mn":"ADBE Vector Group","hd":false}],"ip":0,"op":50,"st":0,"bm":0},{"ddd":0,"ind":9,"ty":4,"nm":"Hand 1","parent":1,"tt":2,"sr":1,"ks":{"o":{"a":0,"k":100,"ix":11},"r":{"a":1,"k":[{"i":{"x":[0.6],"y":[1]},"o":{"x":[0.4],"y":[0]},"t":7.118,"s":[0]},{"i":{"x":[0.6],"y":[1]},"o":{"x":[0.4],"y":[0]},"t":15,"s":[-17]},{"i":{"x":[0.6],"y":[1]},"o":{"x":[0.4],"y":[0]},"t":22.872,"s":[6]},{"i":{"x":[0.6],"y":[1]},"o":{"x":[0.4],"y":[0]},"t":29.436,"s":[-3]},{"t":36,"s":[0]}],"ix":10},"p":{"a":0,"k":[199,-46,0],"ix":2},"a":{"a":0,"k":[149,-96,0],"ix":1},"s":{"a":0,"k":[100,100,100],"ix":6}},"ao":0,"shapes":[{"ty":"gr","it":[{"ind":0,"ty":"sh","ix":1,"ks":{"a":0,"k":{"i":[[0,0],[0,0],[0,0],[0,0],[7.508,-7.598],[0,0],[0,0],[-12.64,12.639],[0,0],[0,0]],"o":[[0,0],[0,0],[0,0],[-10.68,0],[0,0],[0,0],[12.639,12.639],[0,0],[0,0],[0,0]],"v":[[158.048,-0.059],[222.998,-0.118],[222.998,-168.441],[27.104,-168.382],[-5.964,-154.569],[-65.89,-94.643],[-52.159,-80.911],[-6.388,-80.911],[16.26,-103.705],[51.337,-103.705]],"c":false},"ix":2},"nm":"Path 1","mn":"ADBE Vector Shape - Group","hd":false},{"ty":"st","c":{"a":0,"k":[1,1,1,1],"ix":3},"o":{"a":0,"k":100,"ix":4},"w":{"a":0,"k":16,"ix":5,"x":"var $bm_rt;\n$bm_rt = thisComp.layer('Main Stroke width ').effect('Stroke width')('Slider');"},"lc":2,"lj":2,"bm":0,"nm":"Stroke 1","mn":"ADBE Vector Graphic - Stroke","hd":false},{"ty":"tr","p":{"a":0,"k":[0,0],"ix":2},"a":{"a":0,"k":[0,0],"ix":1},"s":{"a":0,"k":[100,100],"ix":3},"r":{"a":0,"k":0,"ix":6},"o":{"a":0,"k":100,"ix":7},"sk":{"a":0,"k":0,"ix":4},"sa":{"a":0,"k":0,"ix":5},"nm":"Transform"}],"nm":"Group 1","np":2,"cix":2,"bm":0,"ix":1,"mn":"ADBE Vector Group","hd":false}],"ip":0,"op":50,"st":0,"bm":0},{"ddd":0,"ind":10,"ty":4,"nm":"Bracelet 3","parent":9,"td":1,"sr":1,"ks":{"o":{"a":0,"k":100,"ix":11},"r":{"a":0,"k":0,"ix":10},"p":{"a":0,"k":[-195,-84,0],"ix":2},"a":{"a":0,"k":[-194,-82,0],"ix":1},"s":{"a":0,"k":[100,100,100],"ix":6}},"ao":0,"shapes":[{"ty":"gr","it":[{"ind":0,"ty":"sh","ix":1,"ks":{"a":0,"k":{"i":[[0,0],[0,0],[0,0],[0,0]],"o":[[0,0],[0,0],[0,0],[0,0]],"v":[[-194,-177],[-270,-177],[-270,16],[-194,13]],"c":true},"ix":2},"nm":"Path 1","mn":"ADBE Vector Shape - Group","hd":false},{"ty":"st","c":{"a":0,"k":[1,0.7529411764705882,0,1],"ix":3},"o":{"a":0,"k":100,"ix":4},"w":{"a":0,"k":16,"ix":5,"x":"var $bm_rt;\n$bm_rt = thisComp.layer('Main Stroke width ').effect('Stroke width')('Slider');"},"lc":2,"lj":1,"ml":4,"bm":0,"nm":"Stroke 1","mn":"ADBE Vector Graphic - Stroke","hd":false},{"ty":"fl","c":{"a":0,"k":[1,0,0,1],"ix":4},"o":{"a":0,"k":100,"ix":5},"r":1,"bm":0,"nm":"Fill 1","mn":"ADBE Vector Graphic - Fill","hd":false},{"ty":"tr","p":{"a":0,"k":[0,0],"ix":2},"a":{"a":0,"k":[0,0],"ix":1},"s":{"a":0,"k":[100,100],"ix":3},"r":{"a":0,"k":0,"ix":6},"o":{"a":0,"k":100,"ix":7},"sk":{"a":0,"k":0,"ix":4},"sa":{"a":0,"k":0,"ix":5},"nm":"Transform"}],"nm":"Shape 1","np":3,"cix":2,"bm":0,"ix":1,"mn":"ADBE Vector Group","hd":false}],"ip":0,"op":50,"st":0,"bm":0},{"ddd":0,"ind":11,"ty":4,"nm":"Hand 2","parent":9,"tt":2,"sr":1,"ks":{"o":{"a":0,"k":100,"ix":11},"r":{"a":0,"k":0,"ix":10},"p":{"a":0,"k":[-147,-94,0],"ix":2},"a":{"a":0,"k":[-147,-94,0],"ix":1},"s":{"a":0,"k":[100,100,100],"ix":6}},"ao":0,"shapes":[{"ty":"gr","it":[{"ind":0,"ty":"sh","ix":1,"ks":{"a":0,"k":{"i":[[0,0],[7.837,0],[0,0],[0,0],[0,0]],"o":[[-7.786,-4.783],[0,0],[0,0],[0,0],[0,0]],"v":[[1.392,-160.254],[-24.327,-168.382],[-225.998,-168.441],[-225.998,-0.118],[-153.977,-0.059]],"c":false},"ix":2},"nm":"Path 1","mn":"ADBE Vector Shape - Group","hd":false},{"ty":"st","c":{"a":0,"k":[1,1,1,1],"ix":3},"o":{"a":0,"k":100,"ix":4},"w":{"a":0,"k":16,"ix":5,"x":"var $bm_rt;\n$bm_rt = thisComp.layer('Main Stroke width ').effect('Stroke width')('Slider');"},"lc":2,"lj":2,"bm":0,"nm":"Stroke 1","mn":"ADBE Vector Graphic - Stroke","hd":false},{"ty":"tr","p":{"a":0,"k":[0,0],"ix":2},"a":{"a":0,"k":[0,0],"ix":1},"s":{"a":0,"k":[100,100],"ix":3},"r":{"a":0,"k":0,"ix":6},"o":{"a":0,"k":100,"ix":7},"sk":{"a":0,"k":0,"ix":4},"sa":{"a":0,"k":0,"ix":5},"nm":"Transform"}],"nm":"Group 1","np":2,"cix":2,"bm":0,"ix":1,"mn":"ADBE Vector Group","hd":false},{"ty":"gr","it":[{"ind":0,"ty":"sh","ix":1,"ks":{"a":1,"k":[{"i":{"x":0.6,"y":1},"o":{"x":0.4,"y":0},"t":9,"s":[{"i":[[0,0],[0,0],[-10.07,10.07],[10.071,10.07],[0,0],[-10.07,10.07],[10.071,10.071],[0,0],[-10.069,10.069],[10.07,10.071],[0,0],[-10.111,10.111],[10.112,10.112],[0,0]],"o":[[0,0],[10.071,10.07],[10.069,-10.069],[0,0],[10.069,10.07],[10.07,-10.07],[0,0],[10.07,10.07],[10.071,-10.07],[0,0],[10.111,10.111],[10.112,-10.111],[0,0],[0,0]],"v":[[1.14,137.757],[24.707,160.83],[61.325,160.83],[61.324,124.213],[63.809,126.698],[100.426,126.698],[100.424,90.081],[100.426,90.082],[137.042,90.083],[137.042,53.465],[137.043,53.465],[173.659,53.465],[173.659,16.848],[51.784,-103.705]],"c":false}]},{"i":{"x":0.6,"y":1},"o":{"x":0.4,"y":0},"t":21,"s":[{"i":[[0,0],[0,0],[-10.07,10.07],[10.071,10.07],[0,0],[-10.07,10.07],[10.071,10.071],[0,0],[-10.069,10.069],[10.07,10.071],[0,0],[-10.111,10.111],[10.112,10.112],[0,0]],"o":[[0,0],[10.071,10.07],[10.069,-10.069],[0,0],[10.069,10.07],[10.07,-10.07],[0,0],[10.07,10.07],[10.071,-10.07],[0,0],[10.111,10.111],[10.112,-10.111],[0,0],[0,0]],"v":[[1.14,137.757],[8.175,145.316],[44.793,145.316],[44.792,108.699],[47.277,111.184],[83.893,111.184],[83.892,74.567],[83.893,74.568],[120.509,74.569],[120.509,37.951],[120.511,37.951],[157.127,37.951],[157.127,1.334],[51.784,-103.705]],"c":false}]},{"t":32,"s":[{"i":[[0,0],[0,0],[-10.07,10.07],[10.071,10.07],[0,0],[-10.07,10.07],[10.071,10.071],[0,0],[-10.069,10.069],[10.07,10.071],[0,0],[-10.111,10.111],[10.112,10.112],[0,0]],"o":[[0,0],[10.071,10.07],[10.069,-10.069],[0,0],[10.069,10.07],[10.07,-10.07],[0,0],[10.07,10.07],[10.071,-10.07],[0,0],[10.111,10.111],[10.112,-10.111],[0,0],[0,0]],"v":[[1.14,137.757],[24.707,160.83],[61.325,160.83],[61.324,124.213],[63.809,126.698],[100.426,126.698],[100.424,90.081],[100.426,90.082],[137.042,90.083],[137.042,53.465],[137.043,53.465],[173.659,53.465],[173.659,16.848],[51.784,-103.705]],"c":false}]}],"ix":2},"nm":"Path 1","mn":"ADBE Vector Shape - Group","hd":false},{"ty":"st","c":{"a":0,"k":[1,1,1,1],"ix":3},"o":{"a":0,"k":100,"ix":4},"w":{"a":0,"k":16,"ix":5,"x":"var $bm_rt;\n$bm_rt = thisComp.layer('Main Stroke width ').effect('Stroke width')('Slider');"},"lc":2,"lj":2,"bm":0,"nm":"Stroke 1","mn":"ADBE Vector Graphic - Stroke","hd":false},{"ty":"tr","p":{"a":0,"k":[0,0],"ix":2},"a":{"a":0,"k":[0,0],"ix":1},"s":{"a":0,"k":[100,100],"ix":3},"r":{"a":0,"k":0,"ix":6},"o":{"a":0,"k":100,"ix":7},"sk":{"a":0,"k":0,"ix":4},"sa":{"a":0,"k":0,"ix":5},"nm":"Transform"}],"nm":"Group 2","np":2,"cix":2,"bm":0,"ix":2,"mn":"ADBE Vector Group","hd":false}],"ip":0,"op":50,"st":0,"bm":0},{"ddd":0,"ind":12,"ty":3,"nm":"Zero | Main Stroke width ","sr":1,"ks":{"o":{"a":0,"k":0,"ix":11},"r":{"a":0,"k":0,"ix":10},"p":{"a":0,"k":[250,250,0],"ix":2},"a":{"a":0,"k":[0,0,0],"ix":1},"s":{"a":0,"k":[100,100,100],"ix":6}},"ao":0,"ip":0,"op":50,"st":0,"bm":0}],"markers":[]}